"chrom","pos","ref","alt","full_predicted_allele_minus_strand","variable","value"
"chr3R",26882886,"CTT","CTT","CAGGAAG","total_active_nuclei",22445
"chr3R",26882886,"CTT","CTT","CAGGAAG","total_active_nuclei",20872
"chr3R",26882886,"CTT","CTT","CAGGAAG","total_active_nuclei",26296
"chr3R",26882886,"CTT","CTT","CAGGAAG","total_transcriptional_output",95009000
"chr3R",26882886,"CTT","CTT","CAGGAAG","total_transcriptional_output",77250000
"chr3R",26882886,"CTT","CTT","CAGGAAG","total_transcriptional_output",105560000
"chr3R",26882886,"CTT","GTA","CAGGTAC","total_active_nuclei",41292
"chr3R",26882886,"CTT","GTA","CAGGTAC","total_active_nuclei",30792
"chr3R",26882886,"CTT","GTA","CAGGTAC","total_active_nuclei",31342
"chr3R",26882886,"CTT","GTA","CAGGTAC","total_transcriptional_output",188920000
"chr3R",26882886,"CTT","GTA","CAGGTAC","total_transcriptional_output",148350000
"chr3R",26882886,"CTT","GTA","CAGGTAC","total_transcriptional_output",142100000
"chr3R",26882886,"CTT","CTA","CAGGTAG","total_active_nuclei",45576
"chr3R",26882886,"CTT","CTA","CAGGTAG","total_transcriptional_output",211860000
"chr3R",26882886,"CTT","CTA","CAGGTAG","total_transcriptional_output",190220000
"chr3R",26882886,"CTT","CTA","CAGGTAG","total_transcriptional_output",198520000
"chr3R",26882886,"CTT","CTG","CAGGCAG","total_active_nuclei",35031
"chr3R",26882886,"CTT","CTG","CAGGCAG","total_active_nuclei",33352
"chr3R",26882886,"CTT","CTG","CAGGCAG","total_active_nuclei",27337
"chr3R",26882886,"CTT","CTG","CAGGCAG","total_transcriptional_output",179440000
"chr3R",26882886,"CTT","CTG","CAGGCAG","total_transcriptional_output",139520000
"chr3R",26882886,"CTT","CTG","CAGGCAG","total_transcriptional_output",113280000
